{
  "width": 1280,
  "height": 720,
  "fps": 30,
  "main": "./script/aez_bundle_main.js",
  "assets": {
    "player": {
      "type": "image",
      "width": 384,
      "height": 256,
      "path": "files/2f2f2684fcf72b481d95.png",
      "hint": {
        "untainted": true
      },
      "virtualPath": "image/player.png"
    },
    "shot": {
      "type": "image",
      "width": 120,
      "height": 50,
      "path": "files/509c2bdd6ceeb49065ac.png",
      "hint": {
        "untainted": true
      },
      "virtualPath": "image/shot.png"
    },
    "se": {
      "type": "audio",
      "path": "files/aea88cd01152840e6725",
      "systemId": "sound",
      "duration": 250,
      "virtualPath": "audio/se"
    },
    "number": {
      "type": "image",
      "width": 728,
      "height": 128,
      "path": "files/a0340c3947cfcd44e0b2.png",
      "hint": {
        "untainted": true
      },
      "virtualPath": "image/number.png"
    },
    "score": {
      "type": "image",
      "width": 192,
      "height": 192,
      "path": "files/d62e2baecca743ff7361.png",
      "hint": {
        "untainted": true
      },
      "virtualPath": "image/score.png"
    },
    "start": {
      "type": "image",
      "width": 800,
      "height": 500,
      "path": "files/fad71188a75b7f48f032.png",
      "hint": {
        "untainted": true
      },
      "virtualPath": "image/start.png"
    },
    "time": {
      "type": "image",
      "width": 76,
      "height": 76,
      "path": "files/834f6f7b833bbd30f0bc.png",
      "hint": {
        "untainted": true
      },
      "virtualPath": "image/time.png"
    },
    "config": {
      "type": "image",
      "width": 40,
      "height": 40,
      "path": "files/b681666f5fdad6ee2c15.png",
      "hint": {
        "untainted": true
      },
      "virtualPath": "image/config.png"
    },
    "volume": {
      "type": "image",
      "width": 64,
      "height": 32,
      "path": "files/c3535e86e9f2a5fb8e9b.png",
      "hint": {
        "untainted": true
      },
      "virtualPath": "image/volume.png"
    },
    "glyph": {
      "type": "text",
      "path": "files/7995cac7367908d2fa2e.json",
      "virtualPath": "text/glyph.json"
    },
    "number_red": {
      "type": "image",
      "width": 728,
      "height": 128,
      "path": "files/93fe4188e341477c390e.png",
      "hint": {
        "untainted": true
      },
      "virtualPath": "image/number_red.png"
    },
    "bgm": {
      "type": "audio",
      "path": "files/6e6ed82de3ca7cdfa409",
      "systemId": "music",
      "duration": 30000,
      "virtualPath": "audio/bgm"
    },
    "se_start": {
      "type": "audio",
      "path": "files/9a33ab5f9c9b2521552d",
      "systemId": "sound",
      "duration": 1701,
      "virtualPath": "audio/se_start"
    },
    "se_timeup": {
      "type": "audio",
      "path": "files/3cd7bec6fc575a6d73a7",
      "systemId": "sound",
      "duration": 1080,
      "virtualPath": "audio/se_timeup"
    },
    "title": {
      "type": "image",
      "width": 1280,
      "height": 720,
      "path": "files/6a2fc763d1ca590c49f9.png",
      "hint": {
        "untainted": true
      },
      "virtualPath": "image/title.png"
    },
    "tank": {
      "type": "image",
      "width": 800,
      "height": 603,
      "path": "files/7d8be5a49cd79f848cfc.png",
      "hint": {
        "untainted": true
      },
      "virtualPath": "image/tank.png"
    },
    "fighter": {
      "type": "image",
      "width": 800,
      "height": 602,
      "path": "files/02008343358e1f9f1673.png",
      "hint": {
        "untainted": true
      },
      "virtualPath": "image/fighter.png"
    },
    "zero": {
      "type": "image",
      "width": 500,
      "height": 344,
      "path": "files/73db4dff2178e639e05a.png",
      "hint": {
        "untainted": true
      },
      "virtualPath": "image/zero.png"
    },
    "soldier": {
      "type": "image",
      "width": 384,
      "height": 256,
      "path": "files/9f641948d1a602523383.png",
      "hint": {
        "untainted": true
      },
      "virtualPath": "image/soldier.png"
    },
    "floor": {
      "type": "image",
      "width": 512,
      "height": 512,
      "path": "files/9d036b76ff2cf10c20ca.png",
      "hint": {
        "untainted": true
      },
      "virtualPath": "image/floor.png"
    },
    "fighter2": {
      "type": "image",
      "width": 800,
      "height": 602,
      "path": "files/e11c2e70e7435ea1f664.png",
      "hint": {
        "untainted": true
      },
      "virtualPath": "image/fighter2.png"
    },
    "tank2": {
      "type": "image",
      "width": 800,
      "height": 603,
      "path": "files/a45f8a496a6f481f46a8.png",
      "hint": {
        "untainted": true
      },
      "virtualPath": "image/tank2.png"
    },
    "werpon": {
      "type": "image",
      "width": 384,
      "height": 256,
      "path": "files/0fb9d01ab2eb516fdb59.png",
      "hint": {
        "untainted": true
      },
      "virtualPath": "image/werpon.png"
    },
    "effect": {
      "type": "image",
      "width": 640,
      "height": 512,
      "path": "files/738aeb92c2a2791c8300.png",
      "hint": {
        "untainted": true
      },
      "virtualPath": "image/effect.png"
    },
    "wall": {
      "type": "image",
      "width": 800,
      "height": 603,
      "path": "files/d29eefeb9b7081a7d61c.png",
      "hint": {
        "untainted": true
      },
      "virtualPath": "image/wall.png"
    },
    "sniper": {
      "type": "image",
      "width": 384,
      "height": 256,
      "path": "files/d029984d91d6b993755a.png",
      "hint": {
        "untainted": true
      },
      "virtualPath": "image/sniper.png"
    },
    "aez_bundle_main": {
      "type": "script",
      "global": true,
      "path": "files/f086925699839f7a9594.js",
      "virtualPath": "script/aez_bundle_main.js"
    }
  },
  "moduleMainScripts": {
    "@akashic-extension/akashic-timeline": "node_modules/@akashic-extension/akashic-timeline/lib/index.js"
  },
  "environment": {
    "sandbox-runtime": "3",
    "niconico": {
      "supportedModes": [
        "ranking"
      ]
    },
    "external": {
      "send": "0"
    },
    "akashic-runtime": {
      "version": "~3.0.2",
      "flavor": "-canvas"
    }
  },
  "globalScripts": [],
  "exportZipInfo": {
    "version": "0.8.0",
    "option": {
      "force": true,
      "strip": true,
      "minify": false,
      "bundle": true,
      "babel": true,
      "omitEmptyJs": true,
      "targetService": "nicolive"
    }
  }
}